<?xml version='1.0' encoding='utf-8'?>
<!DOCTYPE hibernate-configuration PUBLIC
        "-//Hibernate/Hibernate Configuration DTD//EN"
        "http://www.hibernate.org/dtd/hibernate-configuration-3.0.dtd">


<hibernate-configuration>
    <session-factory>
        <property name="connection.url">jdbc:postgresql://localhost:5432/postgres?useUnicode=true&amp;characterEncoding=UTF-8</property>
        <property name="connection.driver_class">org.postgresql.Driver</property>
        <property name="hibernate.dialect">org.hibernate.dialect.PostgreSQLDialect</property>
        <property name="connection.username">postgres</property>
        <property name="connection.password">rootroot</property>
        <property name="hibernate.default_schema">todolist</property>
        <property name="hibernate.default_catalog">postgres</property>
        <property name="hibernate.cache.use_second_level_cache">true</property>
        <property name="hibernate.generate_statistics">true</property>


<!--        при клике на класс JCacheRegionFactory - если он должен открывается, значит все подклучили верно-->
        <property name="hibernate.cache.region.factory_class">org.hibernate.cache.jcache.internal.JCacheRegionFactory</property>


        <!--        <property name="hibernate.show_sql">true</property>-->
<!--        <property name="hibernate.format_sql">true</property>-->
<!--        <property name="hibernate.highlight_sql">true</property>-->
<!--        <property name="hibernate.use_sql_comments">true</property>-->
<!--        <property name="hibernate.hibernate.session.events.log">true</property>-->


        <mapping class="ru.javabegin.hibernate.entity.User"/>
        <mapping class="ru.javabegin.hibernate.entity.Category"/>
        <mapping class="ru.javabegin.hibernate.entity.Priority"/>
        <mapping class="ru.javabegin.hibernate.entity.Stat"/>
        <mapping class="ru.javabegin.hibernate.entity.Activity"/>
        <mapping class="ru.javabegin.hibernate.entity.Role"/>
        <mapping class="ru.javabegin.hibernate.entity.Task"/>


        <!-- DB schema will be updated if needed -->
        <!-- <property name="hibernate.hbm2ddl.auto">update</property> -->
    </session-factory>
</hibernate-configuration>